<oval_definitions xmlns="http://oval.mitre.org/XMLSchema/oval-definitions-5" xmlns:oval="http://oval.mitre.org/XMLSchema/oval-common-5" xmlns:xsi="http://www.w3.org/2001/XMLSchema-instance" xsi:schemaLocation="http://oval.mitre.org/XMLSchema/oval-common-5 oval-common-schema.xsd http://oval.mitre.org/XMLSchema/oval-definitions-5 oval-definitions-schema.xsd">  <generator>
    <oval:product_name>CIS OVAL Repository</oval:product_name>
    <oval:product_version>0.1</oval:product_version>
    <oval:schema_version>5.11.2</oval:schema_version>
    <oval:timestamp>2019-12-11T10:15:31.188-04:00</oval:timestamp>
  </generator>

  <definitions>
    <definition class="inventory" id="oval:org.cisecurity:def:1269" version="17">
      <metadata>
        <title>Microsoft Windows Server 2016 is installed</title>
        <affected family="windows">
          <platform>Microsoft Windows Server 2016</platform>
        </affected>
        <reference ref_id="cpe:/o:microsoft:windows_server_2016:-" source="CPE"/>
        <description>The operating system installed on the system is Microsoft Windows Server 2016.</description>
      </metadata>
      <criteria>
        <criterion comment="the installed operating system is part of the Microsoft Windows family" test_ref="oval:org.mitre.oval:tst:99"/>
        <criterion comment="Check if Windows Server 2016 is installed" test_ref="oval:org.cisecurity:tst:1883"/>
      </criteria>
    </definition>
    
  </definitions>
  
  <tests>
    <family_test xmlns="http://oval.mitre.org/XMLSchema/oval-definitions-5#independent" check="only one" check_existence="at_least_one_exists" comment="the installed operating system is part of the Microsoft Windows family" id="oval:org.mitre.oval:tst:99" version="6">
      <object object_ref="oval:org.mitre.oval:obj:99"/>
      <state state_ref="oval:org.mitre.oval:ste:99"/>
    </family_test>
    
    <registry_test xmlns="http://oval.mitre.org/XMLSchema/oval-definitions-5#windows" check="all" check_existence="at_least_one_exists" comment="Check if Windows Server 2016 is installed" id="oval:org.cisecurity:tst:1883" version="1">
      <object object_ref="oval:org.mitre.oval:obj:5590"/>
      <state state_ref="oval:org.cisecurity:ste:1519"/>
    </registry_test>
    
  </tests>
  
  <objects>
    <family_object xmlns="http://oval.mitre.org/XMLSchema/oval-definitions-5#independent" comment="This is the default family object. Only one family object should exist." id="oval:org.mitre.oval:obj:99" version="1"/>
    
    <registry_object xmlns="http://oval.mitre.org/XMLSchema/oval-definitions-5#windows" comment="This registry key identifies the Windows ProductName" id="oval:org.mitre.oval:obj:5590" version="1">
      <hive>HKEY_LOCAL_MACHINE</hive>
      <key>SOFTWARE\Microsoft\Windows NT\CurrentVersion</key>
      <name>ProductName</name>
    </registry_object>
    
  </objects>
  
  <states>
    <family_state xmlns="http://oval.mitre.org/XMLSchema/oval-definitions-5#independent" comment="Microsoft Windows family" id="oval:org.mitre.oval:ste:99" version="2">
      <family operation="case insensitive equals">windows</family>
    </family_state>
    
    <registry_state xmlns="http://oval.mitre.org/XMLSchema/oval-definitions-5#windows" comment="The registry key matches with Windows Server 2016" id="oval:org.cisecurity:ste:1519" version="1">
      <value operation="pattern match">^[a-zA-Z0-9\(\)\s]*2016\s[a-zA-Z0-9\(\)\s]*$</value>
    </registry_state>
    
  </states>
  
</oval_definitions>