<oval_definitions xmlns="http://oval.mitre.org/XMLSchema/oval-definitions-5" xmlns:oval="http://oval.mitre.org/XMLSchema/oval-common-5" xmlns:oval-def="http://oval.mitre.org/XMLSchema/oval-definitions-5" xmlns:xsi="http://www.w3.org/2001/XMLSchema-instance" xsi:schemaLocation="http://oval.mitre.org/XMLSchema/oval-definitions-5 oval-definitions-schema.xsd http://oval.mitre.org/XMLSchema/oval-definitions-5#windows windows-definitions-schema.xsd http://oval.mitre.org/XMLSchema/oval-definitions-5#independent independent-definitions-schema.xsd http://oval.mitre.org/XMLSchema/oval-common-5 oval-common-schema.xsd">
  <generator>
    <oval:product_name>The OVAL Repository</oval:product_name>
    <oval:schema_version>5.10.1</oval:schema_version>
    <oval:timestamp>2019-12-11T10:15:31.188-04:00</oval:timestamp>
  </generator>

  <definitions>
    <definition class="inventory" id="oval:org.mitre.oval:def:28545" version="2">
      <metadata>
        <title>Microsoft Windows 10 is installed</title>
        <affected family="windows">
          <platform>Microsoft Windows 10</platform>
        </affected>
        <reference ref_id="cpe:/o:microsoft:windows_10" source="CPE"/>
        <description>The operating system installed on the system is Microsoft Windows 10.</description>
      </metadata>
      <criteria>
        <criterion comment="the installed operating system is part of the Microsoft Windows family" test_ref="oval:org.mitre.oval:tst:99"/>
        <criterion comment="Windows 10 is installed" test_ref="oval:org.mitre.oval:tst:141330"/>
      </criteria>
    </definition>
  </definitions>

  <tests>
    <family_test xmlns="http://oval.mitre.org/XMLSchema/oval-definitions-5#independent" check="only one" check_existence="at_least_one_exists" comment="the installed operating system is part of the Microsoft Windows family" id="oval:org.mitre.oval:tst:99" version="1">
      <object object_ref="oval:org.mitre.oval:obj:99"/>
      <state state_ref="oval:org.mitre.oval:ste:99"/>
    </family_test>
    <registry_test xmlns="http://oval.mitre.org/XMLSchema/oval-definitions-5#windows" check="at least one" check_existence="at_least_one_exists" comment="Windows 10 is installed" id="oval:org.mitre.oval:tst:141330" version="1">
      <object object_ref="oval:org.mitre.oval:obj:5590"/>
      <state state_ref="oval:org.mitre.oval:ste:38974"/>
    </registry_test>
  </tests>

  <objects>
    <family_object xmlns="http://oval.mitre.org/XMLSchema/oval-definitions-5#independent" comment="This is the default family object. Only one family object should exist." id="oval:org.mitre.oval:obj:99" version="1"/>
    <registry_object xmlns="http://oval.mitre.org/XMLSchema/oval-definitions-5#windows" comment="This registry key identifies the Windows ProductName" id="oval:org.mitre.oval:obj:5590" version="1">
      <hive>HKEY_LOCAL_MACHINE</hive>
      <key>SOFTWARE\Microsoft\Windows NT\CurrentVersion</key>
      <name>ProductName</name>
    </registry_object>
  </objects>

  <states>
    <family_state xmlns="http://oval.mitre.org/XMLSchema/oval-definitions-5#independent" comment="Microsoft Windows family" id="oval:org.mitre.oval:ste:99" version="2">
      <family operation="case insensitive equals">windows</family>
    </family_state>
    <registry_state xmlns="http://oval.mitre.org/XMLSchema/oval-definitions-5#windows" comment="The registry key matches with Windows 10" id="oval:org.mitre.oval:ste:38974" version="1">
      <value operation="pattern match">^[a-zA-Z0-9\(\)\s]*[Ww][Ii][Nn][Dd][Oo][Ww][Ss] 10[a-zA-Z0-9\(\)\s]*$</value>
    </registry_state>
  </states>
</oval_definitions>